step,train_acc
20,0.06169871794871795
40,0.0736228813559322
60,0.07911392405063292
80,0.08270202020202021
100,0.0900735294117647
120,0.09352517985611511
140,0.178125
160,0.17604166666666668
180,0.175625
200,0.17232142857142857
220,0.18541666666666667
240,0.19318181818181818
260,0.20384615384615384
280,0.04276315789473684
